{
  "GenesisAccountAddress": "vite_bb6ad02107a4422d6a324fd2e3707ad53cfed9359378a78792",
  "ForkPoints":{
      "SeedFork":{
        "Height":1,
        "Version":1
      },
      "DexFork":{
        "Height":2,
        "Version":2
      },
      "DexFeeFork":{
        "Height":3,
        "Version":3
      },
      "StemFork":{
        "Height":4,
        "Version":4
      },
      "LeafFork":{
        "Height":5,
        "Version":5
      },
      "EarthFork":{
        "Height":6,
        "Version":6
      },
      "DexMiningFork":{
        "Height":7,
        "Version":7
      },
      "DexRobotFork":{
        "Height":8,
        "Version":8
      },
      "DexStableMarketFork":{
        "Height":9,
        "Version":9
      }
    },
  "ConsensusGroupInfo": {
    "ConsensusGroupInfoMap": {
      "00000000000000000001": {
        "NodeCount": 2,
        "Interval": 1,
        "PerCount": 3,
        "RandCount": 2,
        "RandRank": 100,
        "Repeat": 1,
        "CheckLevel": 0,
        "CountingTokenId": "tti_5649544520544f4b454e6e40",
        "RegisterConditionId": 1,
        "RegisterConditionParam": {
          "PledgeAmount": 100000000000000000000000,
          "PledgeToken": "tti_5649544520544f4b454e6e40",
          "PledgeHeight": 0
        },
        "VoteConditionId": 1,
        "VoteConditionParam": {},
        "Owner": "vite_bb6ad02107a4422d6a324fd2e3707ad53cfed9359378a78792",
        "PledgeAmount": 0,
        "WithdrawHeight": 1
      },
      "00000000000000000002": {
        "NodeCount": 2,
        "Interval": 3,
        "PerCount": 1,
        "RandCount": 2,
        "RandRank": 100,
        "Repeat": 48,
        "CheckLevel": 1,
        "CountingTokenId": "tti_5649544520544f4b454e6e40",
        "RegisterConditionId": 1,
        "RegisterConditionParam": {
          "PledgeAmount": 100000000000000000000000,
          "PledgeToken": "tti_5649544520544f4b454e6e40",
          "PledgeHeight": 7776000
        },
        "VoteConditionId": 1,
        "VoteConditionParam": {},
        "Owner": "vite_bb6ad02107a4422d6a324fd2e3707ad53cfed9359378a78792",
        "PledgeAmount": 0,
        "WithdrawHeight": 1
      }
    },
    "RegistrationInfoMap": {
      "00000000000000000001": {
        "s1": {
          "NodeAddr": "vite_e41be57d38c796984952fad618a9bc91637329b5255cb18906",
          "PledgeAddr": "vite_e41be57d38c796984952fad618a9bc91637329b5255cb18906",
          "Amount": 100000000000000000000000,
          "WithdrawHeight": 7776000,
          "RewardTime": 1,
          "CancelTime": 0,
          "HisAddrList": [
            "vite_e41be57d38c796984952fad618a9bc91637329b5255cb18906"
          ]
        },
        "s2": {
          "NodeAddr": "vite_0acbb1335822c8df4488f3eea6e9000eabb0f19d8802f57c87",
          "PledgeAddr": "vite_0acbb1335822c8df4488f3eea6e9000eabb0f19d8802f57c87",
          "Amount": 100000000000000000000000,
          "WithdrawHeight": 7776000,
          "RewardTime": 1,
          "CancelTime": 0,
          "HisAddrList": [
            "vite_0acbb1335822c8df4488f3eea6e9000eabb0f19d8802f57c87"
          ]
        }
      }
    },
    "HisNameMap": {
      "00000000000000000001": {
        "vite_0acbb1335822c8df4488f3eea6e9000eabb0f19d8802f57c87": "s2",
        "vite_e41be57d38c796984952fad618a9bc91637329b5255cb18906": "s1"
      }
    },
    "VoteStatusMap": {
      "00000000000000000001":{
        "vite_bb6ad02107a4422d6a324fd2e3707ad53cfed9359378a78792":"s1",
        "vite_56fd05b23ff26cd7b0a40957fb77bde60c9fd6ebc35f809c23":"s2"
      }
    }
  },
  "MintageInfo": {
    "TokenInfoMap": {
      "tti_5649544520544f4b454e6e40": {
        "TokenName": "Vite Token",
        "TokenSymbol": "VITE",
        "TotalSupply": 1000000000000000000000000000,
        "Decimals": 18,
        "Owner": "vite_00000000000000000000000000000000000000042d7ef71894",
        "PledgeAmount": 0,
        "PledgeAddr": "vite_bb6ad02107a4422d6a324fd2e3707ad53cfed9359378a78792",
        "WithdrawHeight": 0,
        "MaxSupply": 115792089237316195423570985008687907853269984665640564039457584007913129639935,
        "OwnerBurnOnly": false,
        "IsReIssuable": true
      }
    },
    "LogList": [
      {
        "Data": "",
        "Topics": [
          "3f9dcc00d5e929040142c3fb2b67a3be1b0e91e98dac18d5bc2b7817a4cfecb6",
          "000000000000000000000000000000000000000000005649544520544f4b454e"
        ]
      }
    ]
  },
  "PledgeInfo": {
    "PledgeBeneficialMap": {
      "vite_bb6ad02107a4422d6a324fd2e3707ad53cfed9359378a78792": 1000000000000000000000,
      "vite_56fd05b23ff26cd7b0a40957fb77bde60c9fd6ebc35f809c23": 1000000000000000000000
    },
    "PledgeInfoMap": {
      "vite_bb6ad02107a4422d6a324fd2e3707ad53cfed9359378a78792": [
        {
          "Amount": 1000000000000000000000,
          "WithdrawHeight": 259200,
          "BeneficialAddr": "vite_bb6ad02107a4422d6a324fd2e3707ad53cfed9359378a78792"
        }
      ],
      "vite_56fd05b23ff26cd7b0a40957fb77bde60c9fd6ebc35f809c23": [
        {
          "Amount": 1000000000000000000000,
          "WithdrawHeight": 259200,
          "BeneficialAddr": "vite_56fd05b23ff26cd7b0a40957fb77bde60c9fd6ebc35f809c23"
        }
      ]
    }
  },
  "AccountBalanceMap": {
    "vite_bb6ad02107a4422d6a324fd2e3707ad53cfed9359378a78792": {
      "tti_5649544520544f4b454e6e40": 899798000000000000000000000
    },
    "vite_56fd05b23ff26cd7b0a40957fb77bde60c9fd6ebc35f809c23": {
      "tti_5649544520544f4b454e6e40": 100000000000000000000000000
    },
    "vite_00000000000000000000000000000000000000042d7ef71894":{
      "tti_5649544520544f4b454e6e40": 200000000000000000000000
    },
    "vite_000000000000000000000000000000000000000309508ba646":{
      "tti_5649544520544f4b454e6e40": 2000000000000000000000
    }
  }
}
